variable,test,statistic,p_value,significant,control_mean,control_std,control_n,diabetes_mean,diabetes_std,diabetes_n,effect_size,effect_type
Beck_Toplam,Mann-Whitney U,2605.0,0.2474404753505105,False,11.666666666666666,7.4853261469946455,156,12.789473684210526,7.090754904868055,38,187.02810031992078,r
Beck_Total_Score,Mann-Whitney U,2393.5,0.06599439063224945,False,21.743589743589745,15.314708003228528,156,25.57894736842105,14.18150980973611,38,171.84328526515563,r
Beck_Cognitive_Affective,Mann-Whitney U,2339.5,0.04320516059767946,True,5.923076923076923,5.111073950069294,156,7.631578947368421,4.738690962084297,38,167.96631120861983,r
Beck_Somatic_Performance,Mann-Whitney U,2372.5,0.054940729173051414,False,4.153846153846154,3.998635002829853,156,5.157894736842105,3.5376455431006932,38,170.33557313205836,r
EMBU_Duygusal_Sicaklik,Mann-Whitney U,2508.0,0.20997285379480268,False,3.126754385964912,0.9323555227512578,152,3.3456140350877193,0.8962859988584249,38,181.94944352759094,r
EMBU_Reddedicilik,Mann-Whitney U,2857.0,0.9196102473109202,False,4.341541353383459,0.537078000027636,152,4.336466165413533,0.5578367609169803,38,207.26856465643033,r
EMBU_Asiri_Koruma,Mann-Whitney U,3075.5,0.5363301123179955,False,2.8634476817042605,0.5880172863739888,152,2.79297201336675,0.5512157122648331,38,223.1202207213341,r
