variable_1,variable_2,r,p_value,n,significant,group
Beck_Total_Score,EMBU_Duygusal_Sicaklik,0.2440761009066444,0.0006897330509176942,190,True,
Beck_Total_Score,EMBU_Reddedicilik,0.04726535392195215,0.5172626330186544,190,False,
Beck_Total_Score,EMBU_Asiri_Koruma,0.281205870851806,8.488207703112531e-05,190,True,
Beck_Total_Score,EMBU_Duygusal_Sicaklik,0.26292521379628375,0.0010657245743696472,152,True,Kontrol
Beck_Total_Score,EMBU_Reddedicilik,0.055851874418743445,0.4943303542750932,152,False,Kontrol
Beck_Total_Score,EMBU_Asiri_Koruma,0.31140102363536515,9.419952521759013e-05,152,True,Kontrol
Beck_Total_Score,EMBU_Duygusal_Sicaklik,0.1175073120755516,0.4823011584564152,38,False,Diyabet
Beck_Total_Score,EMBU_Reddedicilik,0.013877518352325133,0.9340956923525005,38,False,Diyabet
Beck_Total_Score,EMBU_Asiri_Koruma,0.17472763573046185,0.29408096420274926,38,False,Diyabet
